collisions,10
erratic,10
room,10
instantiate,10
initiate,10
treatment,10
prototyping,10
bounding,10
fmod,10
injected,10
watcom,10
masm,10
facebook,10
gnutls,10
mbed,10
forth,10
fputs,10
opensl,10
classic,10
dies,10
panic,10
ability,10
scans,10
virtualbox,10
yielding,10
referential,10
decay,10
unzip,10
spatial,10
products,10
borders,10
mesh,10
cdecl,10
filing,10
tracker,10
death,10
ragel,10
throughput,10
connectivity,10
incompatibility,10
bsearch,10
implements,10
monodevelop,10
sniff,10
redraw,10
experience,10
monte,10
encodings,10
acceleration,10
importance,10
bitshifting,10
flood,10
shuffling,10
greedy,10
placeholder,10
money,10
rdtsc,10
drives,10
cumulative,10
partitioning,10
students,10
downloaded,10
conquer,10
recurring,10
ghashtable,10
mkdir,10
significantly,10
continuing,10
indefinitely,10
chosen,10
libm,10
funcion,10
unified,10
nsight,10
wild,10
wire,10
concise,10
labview,10
dynamical,10
quotation,10
identified,10
busybox,10
listed,10
safer,10
transmitting,10
atmega32,10
injecting,10
eliminating,10
convenient,10
incremental,10
score,10
warns,10
sorts,10
appended,10
gethostbyname,10
gtkwidget,10
neighbors,10
absence,10
indexed,10
indexer,10
visualization,10
lvalues,10
minimized,10
mpfr,10
novice,10
delta,10
prompts,10
fills,10
transformations,10
frameworks,10
ides,10
primality,10
coefficients,10
obvious,10
forbidden,10
evaluator,10
atmega8,10
conceptual,10
fingerprint,10
sockaddr,10
resets,10
scopes,10
numa,10
troubleshooting,10
seven,10
immutable,10
sprite,10
libtool,10
partitions,10
reload,10
msvs,10
acessing,10
logged,10
simulated,10
gain,10
finder,10
stripping,10
workbench,10
charset,10
jenkins,10
hexa,10
nsdata,10
possibilities,10
passwords,10
entirely,10
interleaving,10
evenly,10
putchar,10
defaults,10
exposed,10
accelerate,10
difficult,10
probing,10
thrift,10
folding,10
framerate,10
subclass,10
undo,10
upgrading,10
bounded,10
formatter,10
rely,10
sigalrm,10
interrupting,10
printout,10
stereo,10
thinking,10
geany,10
rfid,10
sprites,10
prepare,10
sectors,10
irrelevant,10
datagrams,10
tower,10
integrity,10
considerations,10
navigation,10
discarding,10
arraylist,10
textbook,10
certificates,10
consistently,10
printk,10
gedit,10
crc16,10
replacements,10
slot,10
createfile,10
nanosecond,10
chunked,10
decipher,10
counted,10
carlo,10
lambda,10
populated,10
preprocess,10
portions,10
geting,10
definitive,10
trash,10
programe,10
stucture,10
repetitions,10
nano,10
octave,10
tictactoe,10
stellaris,10
recommendation,10
intermittent,10
photoshop,10
coverity,10
deciding,10
readers,11
maximal,11
threadsafe,11
libnet,11
mikroc,11
gprs,11
uniformly,11
maps,11
countdown,11
relate,11
identity,11
aliases,11
hashmap,11
stub,11
leopard,11
c2059,11
attempted,11
julia,11
covert,11
instrumentation,11
nibbles,11
smoothing,11
late,11
vs2015,11
decrypted,11
mega,11
addrinfo,11
pictures,11
paper,11
cmath,11
badly,11
cflags,11
excercise,11
peripheral,11
ftdi,11
raised,11
kqueue,11
leds,11
asserts,11
modbus,11
opcode,11
decompress,11
triplets,11
rails,11
quite,11
floor,11
comunication,11
rendered,11
players,11
bignum,11
doesnot,11
unknow,11
ideal,11
recieved,11
cutting,11
jack,11
guess,11
capabilities,11
optimise,11
listbox,11
adresses,11
inverted,11
shortcuts,11
coin,11
cope,11
note,11
inputing,11
readability,11
ahead,11
blue,11
specifications,11
prefetch,11
nsarray,11
percent,11
cpus,11
encounter,11
serve,11
clutter,11
normalized,11
triggers,11
dollar,11
truth,11
codebase,11
strength,11
unbalanced,11
slicing,11
improvements,11
chance,11
microblaze,11
instantly,11
shrinking,11
quickest,11
tokenization,11
authenticate,11
notations,11
crossplatform,11
unfamiliar,11
gettimeofday,11
battery,11
replaces,11
mqtt,11
areas,11
flushed,11
expands,11
clicks,11
dwarf,11
registration,11
variations,11
sctp,11
activate,11
individually,11
clipping,11
incorporate,11
central,11
great,11
pausing,11
singular,11
protobuf,11
ended,11
regexp,11
0x00000000,11
currency,11
alternating,11
initially,11
tiva,11
sftp,11
mirror,11
netcat,11
sniffing,11
aslr,11
altered,11
duplex,11
quantity,11
readfile,11
interleaved,11
backup,11
exclusion,11
graphviz,11
armcc,11
sheet,11
jobs,11
ordinary,11
contexts,11
react,11
considering,11
thats,11
lpc1788,11
dataset,11
involves,11
uncompressed,11
atmega,11
enterprise,11
formating,11
toggling,11
varies,11
feel,11
directions,11
geometry,11
cleaner,11
notified,11
explaination,11
super,11
risk,11
bufferoverflow,11
deletes,11
remotely,11
mangled,11
inputed,11
generally,11
painting,11
trivial,11
blackjack,11
filepath,11
reusable,11
peek,11
stackoverflow,11
writen,11
ought,11
adjusting,11
reduced,11
acess,11
encountering,11
scanset,11
leakage,11
choices,11
distro,11
developers,11
transferred,11
modal,11
suspicious,11
parallelism,11
capable,11
relevant,11
treeview,11
twister,11
childs,12
neighbor,12
reproduce,12
comparator,12
monitors,12
performed,12
waking,12
bank,12
spell,12
wrappers,12
submit,12
study,12
panel,12
xilinx,12
terminology,12
license,12
concepts,12
analyse,12
reassign,12
lang,12
uint64,12
anymore,12
sounds,12
tricks,12
vectorize,12
minute,12
popular,12
cryptoapi,12
totally,12
falls,12
iteratively,12
flops,12
ocilib,12
uint8,12
sigtrap,12
prob,12
holes,12
diffrent,12
swaps,12
0xffffffff,12
responsible,12
kerberos,12
jansson,12
mystery,12
blink,12
preprocessed,12
symlink,12
otherwise,12
alone,12
ieee754,12
assist,12
divisor,12
determinant,12
mocking,12
libary,12
sigaction,12
credentials,12
millions,12
perspective,12
kills,12
ext4,12
dup2,12
instantiating,12
spiral,12
jagged,12
concern,12
strtod,12
examining,12
terminals,12
propagation,12
snapshot,12
occurences,12
exploiting,12
beginners,12
swapped,12
delays,12
scsi,12
programmed,12
rights,12
shall,12
pivot,12
mantissa,12
counterpart,12
logger,12
configured,12
barriers,12
naive,12
multiplexing,12
mismatched,12
whilst,12
x264,12
keystroke,12
prematurely,12
deallocated,12
hitting,12
timeval,12
accesing,12
regression,12
asks,12
fundamental,12
unroll,12
primer,12
afterwards,12
accurately,12
srand,12
demonstrate,12
dijkstra,12
rgba,12
crazy,12
mountain,12
contour,12
separation,12
fuction,12
capitalize,12
descent,12
dining,12
robot,12
openldap,12
delegate,12
punning,12
structuring,12
requiring,12
gobject,12
actions,12
typical,12
webkit,12
derivative,12
uploading,12
navigate,12
consists,12
anywhere,12
maximize,12
unset,12
zend,12
independently,12
granularity,13
redundancy,13
circumstances,13
balance,13
intensive,13
commit,13
marshaling,13
coefficient,13
tcpdump,13
expat,13
baud,13
nest,13
redhat,13
internals,13
recent,13
delivered,13
wall,13
differing,13
updates,13
clarity,13
helloworld,13
beep,13
codec,13
concerning,13
datastructure,13
randomizing,13
0x00,13
mutiple,13
aborted,13
developed,13
inorder,13
bundle,13
composer,13
situations,13
0xff,13
manipulations,13
setjmp,13
distinguishing,13
recommendations,13
destructor,13
opens,13
millisecond,13
detector,13
professional,13
unexplained,13
drops,13
powershell,13
cscope,13
branches,13
win7,13
talking,13
echoing,13
signalling,13
exam,13
crypt,13
fflush,13
introduce,13
messed,13
palindromes,13
params,13
paragraph,13
iostream,13
deciphering,13
review,13
enumerations,13
towards,13
provides,13
projection,13
presses,13
libwebsockets,13
friendly,13
diamond,13
computational,13
inlined,13
synchronisation,13
mmaped,13
mysteriously,13
nvcc,13
msdn,13
assigns,13
visualize,13
priorities,13
libgit2,13
occupied,13
xterm,13
apart,13
held,13
exceeding,13
sender,13
zeroing,13
bulk,13
divisors,13
needing,13
multiprocessing,13
shield,13
newlib,13
belong,13
quoted,13
winhttp,13
getaddrinfo,13
geometric,13
fake,13
cufft,13
colored,13
growth,13
hybrid,13
mprotect,13
vulnerable,13
keystrokes,13
timeouts,13
phrase,13
highlight,13
undirected,13
horizontal,13
setuid,13
especially,13
speeding,13
balancing,13
daylight,13
complier,13
availability,13
combobox,13
twitter,13
bucket,13
serializing,13
scoping,13
unordered,13
hiredis,13
cleanly,13
urls,13
migrate,13
utilize,13
designed,13
waitpid,13
locating,13
libssh,13
initializes,13
distributing,13
anomaly,13
tray,13
bytearray,13
arbitrarily,13
databases,13
reassigning,13
dllimport,13
prepend,13
arrange,13
mersenne,13
constructed,13
amd64,13
spin,13
signing,13
increased,13
algebra,13
npapi,13
patching,13
itoa,13
winsock2,13
finishing,13
migration,13
flaw,13
dlsym,14
asynchronously,14
indefinite,14
disconnected,14
scanned,14
equivalents,14
spawned,14
stringify,14
admin,14
subnet,14
microsecond,14
describe,14
decision,14
longs,14
prolog,14
seeding,14
lazy,14
adapter,14
exchanging,14
pipelining,14
shorten,14
accelerometer,14
validity,14
somewhere,14
cublas,14
leap,14
leaf,14
greatest,14
unkown,14
memcached,14
fitting,14
cookie,14
messing,14
wget,14
associative,14
detail,14
recompiling,14
freetype,14
delayed,14
none,14
arranging,14
invisible,14
slowly,14
restriction,14
apparently,14
clicking,14
utilizing,14
obfuscated,14
anagram,14
games,14
winpcap,14
messagebox,14
toolbar,14
libavcodec,14
dual,14
loadlibrary,14
retain,14
sampling,14
matched,14
printable,14
reordering,14
procedures,14
environmental,14
occurred,14
exposing,14
hours,14
entities,14
boxes,14
notes,14
remains,14
hanoi,14
formed,14
bitmaps,14
signedness,14
treats,14
polynomials,14
prevents,14
hacking,14
basis,14
styles,14
selectively,14
proccess,14
recieving,14
clearly,14
variation,14
bytecode,14
inbuilt,14
golang,14
signs,14
degree,14
namespaces,14
securely,14
policy,14
inserts,14
gtktextview,14
refuses,14
programmatic,14
primary,14
spliting,14
inherit,14
libvlc,14
hamming,14
garbled,14
opensource,14
strategies,14
polymorphic,14
longjmp,14
layers,14
representations,14
respective,14
occasionally,14
ipad,14
approaches,14
hierarchy,14
gibberish,14
assigment,14
persist,14
microseconds,14
irregular,14
polygons,14
2003,14
2015,14
deviation,14
five,14
fourier,14
fftw3,14
animated,14
hpux,14
schema,14
demo,14
1024,15
worked,15
introduction,15
retrieved,15
approximate,15
wchar,15
spent,15
verilog,15
anagrams,15
sudo,15
stuct,15
shrink,15
pathname,15
bubblesort,15
bridge,15
curious,15
earlier,15
school,15
weight,15
webservice,15
bezier,15
radio,15
xeon,15
acts,15
dilemma,15
roots,15
raises,15
scrollbar,15
interacting,15
solid,15
fifos,15
automate,15
translated,15
quiz,15
pros,15
promotions,15
usually,15
prologue,15
specifies,15
detach,15
failures,15
twiddling,15
imagemagick,15
repetitive,15
engineering,15
communications,15
sphere,15
exceed,15
unpack,15
pjsip,15
deferencing,15
blanks,15
wants,15
mutual,15
corrupts,15
ownership,15
erasing,15
slice,15
multiprocess,15
emulation,15
said,15
idle,15
reachable,15
mandatory,15
strtol,15
raising,15
stays,15
64bits,15
disconnect,15
newer,15
usual,15
cryptography,15
libssh2,15
sensitive,15
ratio,15
modifiers,15
gauss,15
predict,15
flickering,15
cancelling,15
involved,15
sentinel,15
boundaries,15
upgrade,15
overload,15
inlining,15
selective,15
occured,15
bring,15
promoted,15
booleans,15
filters,15
dword,15
objc,15
perf,15
positioning,15
recieve,15
unbuffered,15
encapsulation,15
bizarre,15
loadrunner,15
prefer,15
simpler,15
gtkentry,15
pic18,15
begin,15
neural,16
nodejs,16
breadth,16
protecting,16
tuple,16
powerpc,16
refactor,16
directx,16
optimised,16
viewing,16
openal,16
barcode,16
discrete,16
gray,16
disassemble,16
userdata,16
easier,16
fpga,16
menus,16
unsatisfiedlinkerror,16
qtcreator,16
bidirectional,16
cartesian,16
finishes,16
poor,16
improvement,16
nios,16
eagain,16
searches,16
gwan,16
messaging,16
segementation,16
vary,16
throughout,16
fclose,16
altering,16
shorthand,16
autocomplete,16
networks,16
translator,16
lexer,16
weirdness,16
thousands,16
hooks,16
logarithm,16
commenting,16
ia32,16
faulting,16
rectangular,16
externally,16
kinds,16
abnormal,16
sliding,16
alphabets,16
strictly,16
peculiar,16
leaves,16
discrepancy,16
expensive,16
ext2,16
symmetric,16
restricted,16
frequencies,16
strong,16
recognise,16
wheel,16
interpreted,16
gettext,16
deterministic,16
writable,16
registering,16
training,16
opposed,16
recompile,16
lose,16
tftp,16
quadratic,16
omitting,16
popping,16
rand,16
normalize,16
masks,16
circuit,16
associate,16
datetime,16
perror,16
dispatch,16
notify,16
modifies,16
transfering,16
customized,16
misses,16
workaround,16
notifications,16
hits,16
consisting,16
inter,16
possibility,16
builder,16
chess,16
requesting,16
quality,16
voice,16
technical,16
destroying,16
usable,16
inversion,16
libsndfile,16
decrementing,16
smtp,16
robin,16
redefining,16
occurring,16
gradient,16
documenting,16
capability,16
glew,16
transition,16
soon,16
cstring,16
channels,16
hints,16
decoder,16
lighting,16
activation,16
watchdog,16
overlay,16
mingw32,16
fonts,16
mentioned,16
sqrt,16
unequal,16
flat,16
unavailable,17
besides,17
aligning,17
writting,17
implications,17
strdup,17
remember,17
atomically,17
blending,17
massive,17
lack,17
plugins,17
jumps,17
rtsp,17
linklist,17
canonical,17
adjust,17
vala,17
renaming,17
graphical,17
feedback,17
gnome,17
invert,17
libev,17
unlimited,17
decompression,17
snippets,17
digest,17
synchronized,17
pretty,17
decreasing,17
periodically,17
outgoing,17
guarantees,17
wininet,17
frees,17
shadow,17
talk,17
wierd,17
scons,17
createprocess,17
correctness,17
assuming,17
secondary,17
ritchie,17
shorts,17
controlled,17
bandwidth,17
prove,17
prediction,17
libgcrypt,17
reasonable,17
querying,17
tiff,17
execlp,17
exclusive,17
acquire,17
corner,17
site,17
regards,17
getline,17
doubt,17
mallocing,17
overrun,17
mimic,17
crc32,17
variably,17
websocket,17
documents,17
constantly,17
ellipsis,17
mounted,17
flipping,17
vertices,17
xpath,17
dimentional,17
overflowing,17
theme,17
uuid,17
pseudocode,17
heavy,17
glsl,17
writer,17
toggle,17
triangles,17
couple,17
years,17
idiomatic,17
increases,17
migrating,17
guards,18
pins,18
timed,18
distribute,18
knapsack,18
sse2,18
states,18
theory,18
dhcp,18
excluding,18
wanted,18
unreachable,18
grow,18
extremely,18
continues,18
toolkit,18
gtk2,18
euclidean,18
subarray,18
alive,18
preserve,18
concatenated,18
variant,18
sector,18
pragma,18
ensuring,18
expose,18
quad,18
subdirectory,18
mini,18
month,18
encoder,18
slash,18
connector,18
recommend,18
intellisense,18
determines,18
stm32f4,18
acceptable,18
truncation,18
prior,18
stringification,18
shortcut,18
jumping,18
treating,18
smooth,18
telling,18
clion,18
prompting,18
schedule,18
concurrently,18
cubic,18
factorization,18
explaining,18
arch,18
enumerating,18
entity,18
execve,18
simplifying,18
sendto,18
foreign,18
memmove,18
clone,18
identification,18
completed,18
parity,18
establish,18
bunch,18
pending,18
improper,18
inverting,18
subdirectories,18
media,18
luajit,18
trimming,18
divided,18
owner,18
transforming,18
cunit,18
pulling,18
forwarding,18
sha256,18
complain,18
responses,18
handshake,18
cleaning,18
consistency,19
compact,19
released,19
tries,19
sums,19
locality,19
registered,19
periodic,19
emit,19
vs2008,19
brute,19
hwnd,19
advance,19
listener,19
alphabetic,19
triggering,19
sigint,19
ldap,19
macos,19
graphic,19
cyclic,19
transaction,19
estimate,19
repository,19
cons,19
tokenizer,19
cout,19
funny,19
gateway,19
weirdly,19
backward,19
excess,19
father,19
quote,19
rolling,19
unrelated,19
moved,19
outcome,19
synchronous,19
english,19
corrupting,19
syscalls,19
rounded,19
ntfs,19
exceeds,19
unitialized,19
spinlock,19
examine,19
asked,19
transport,19
rank,19
brace,19
paging,19
dylib,19
whenever,19
touch,19
underflow,19
erroneous,19
powers,19
kernighan,19
redeclaration,19
balanced,19
footprint,19
capital,19
lwip,19
disappearing,19
axis,19
gather,19
indicator,19
customize,19
carry,19
origin,19
acces,19
follows,19
backend,19
asterisks,19
unrecognized,19
processed,19
aggregate,19
isnt,19
multicore,19
triangular,19
endpoint,19
becoming,19
edition,19
fullscreen,19
permanently,19
enviroment,19
natural,19
taylor,19
aware,19
alarm,19
fragment,19
dummy,20
sketch,20
readline,20
relational,20
diff,20
wake,20
walk,20
diagram,20
okay,20
mongoose,20
mess,20
protocols,20
frequently,20
chained,20
limitation,20
discards,20
vars,20
statment,20
unsupported,20
builtin,20
nesting,20
attaching,20
bios,20
blowfish,20
patch,20
gtktreeview,20
books,20
slave,20
intervals,20
freezing,20
turned,20
portably,20
pull,20
presence,20
puts,20
apparent,20
robust,20
duplicating,20
duplication,20
chinese,20
idiom,20
detached,20
collecting,20
moves,20
lldb,20
algo,20
collector,20
motor,20
mangling,20
rvalue,20
signatures,20
organizing,20
decrypting,20
procedural,20
organize,20
emscripten,20
spawning,20
removes,20
releasing,20
int32,20
bluez,20
ready,20
constraint,20
padded,20
polish,20
checked,20
recognition,20
judge,20
discard,20
macosx,20
subsequence,20
consuming,20
detects,20
trim,20
soft,20
hour,20
username,20
accesses,20
punctuation,20
benchmarking,20
facing,20
dead,20
sigchld,20
mandelbrot,20
dumps,21
reported,21
specifically,21
grouping,21
maze,21
turns,21
looks,21
unpredictable,21
student,21
phase,21
sigpipe,21
ouput,21
coded,21
waits,21
indicate,21
developer,21
transmit,21
enumerated,21
expanded,21
mint,21
alloc,21
reliably,21
reentrant,21
seperated,21
disabled,21
marked,21
fractional,21
drag,21
grabbing,21
unclear,21
truncating,21
cancellation,21
templates,21
future,21
mock,21
emulating,21
deallocation,21
caught,21
consume,21
exited,21
stamp,21
picking,21
dropping,21
indent,21
abstraction,21
bitshift,21
misunderstanding,21
imported,21
gracefully,21
border,21
correction,21
mergesort,21
restrictions,21
perfectly,21
occuring,21
human,21
pythagorean,21
chaining,21
inconsistency,21
modifiable,21
overloaded,21
disappears,21
complaining,21
immediate,21
polymorphism,21
frequent,21
alphanumeric,21
emulator,21
modem,21
surface,21
discovery,21
flip,22
gone,22
further,22
precompiled,22
fragmentation,22
stay,22
somehow,22
loader,22
succeeds,22
downloading,22
regardless,22
rectangles,22
production,22
constructing,22
difficulties,22
hangman,22
computed,22
zone,22
minutes,22
dots,22
libuv,22
textbox,22
receiver,22
organization,22
firefox,22
blob,22
challenge,22
fgetc,22
reboot,22
straight,22
stable,22
analog,22
yields,22
repeats,22
uint,22
microphone,22
summation,22
sysfs,22
reserve,22
ctags,22
primitives,22
automated,22
modifier,22
interoperability,22
composite,22
loads,22
player,22
minor,22
upto,22
vowels,22
broadcasting,22
coredump,22
music,22
subprocess,22
sentences,22
unsure,22
overwrites,22
programmers,22
weighted,22
relocation,22
glfw,22
sparc,22
home,22
parsed,22
bidimensional,22
chrome,22
modes,22
drawn,22
worker,23
stray,23
exceeded,23
constraints,23
reallocate,23
textures,23
transformation,23
arithmetics,23
speedup,23
impossible,23
early,23
limitations,23
functional,23
pieces,23
stepping,23
erase,23
construction,23
casted,23
restarting,23
invocation,23
deallocating,23
quit,23
igraph,23
bracket,23
playback,23
pushing,23
driven,23
gzip,23
permitted,23
colon,23
parallelization,23
routing,23
consider,23
optimising,23
route,23
affects,23
elimination,23
increments,23
degrees,23
helper,23
reallocation,23
destroy,23
vista,23
autoconf,23
slightly,23
lnk2019,23
everytime,23
microcontrollers,23
happened,23
flushing,23
closes,23
vectorization,23
summing,23
unrolling,23
sha1,23
yield,23
collect,23
dereferenced,23
plane,23
configuring,23
directed,23
belongs,23
interop,23
execv,23
firmware,23
discover,23
maybe,23
retaining,23
escaping,23
minus,23
shapes,23
fractions,23
8bit,23
yosemite,23
kernels,23
spawn,23
normally,23
spot,23
thrown,23
motion,23
role,24
segfaulting,24
whitespaces,24
typing,24
disassembly,24
objdump,24
uint32,24
divisible,24
providing,24
shorter,24
universal,24
gprof,24
metadata,24
crashed,24
indentation,24
multiples,24
cells,24
prepared,24
builds,24
webpage,24
probability,24
metal,24
exponentiation,24
preserving,24
beaglebone,24
disadvantages,24
uniform,24
escaped,24
breakpoints,24
privileges,24
bypass,24
finds,24
approximation,24
multibyte,24
evaluates,24
strstr,24
edges,24
strncpy,24
argc,24
router,24
cards,24
sequentially,24
minimize,24
nvidia,24
exclude,24
profiler,24
shutdown,24
dangerous,24
getchar,24
pyramid,24
subsets,24
resume,25
equivalence,25
structured,25
strace,25
stuff,25
compressing,25
specification,25
affinity,25
incrementation,25
inject,25
unlock,25
underscore,25
nice,25
comparision,25
weak,25
marshalling,25
localhost,25
noise,25
cluster,25
scenario,25
midi,25
miss,25
outer,25
holds,25
reaching,25
decrease,25
determined,25
microchip,25
mavericks,25
samples,25
precise,25
lint,25
latency,25
figuring,25
pasting,25
keypress,25
unnecessary,25
switches,25
useless,25
operate,25
scratch,25
probably,25
replaced,25
formal,25
temp,25
stdlib,25
occurence,25
simultaneous,25
compressed,25
einval,25
affected,25
calculates,25
temperature,25
rationale,25
x509,25
important,25
attached,25
dumping,25
infinity,25
wireshark,25
refused,25
soap,25
globals,25
placement,25
usart,25
allocations,25
care,25
libpng,25
scheme,25
cancel,26
i386,26
star,26
h264,26
forms,26
factors,26
reached,26
intercepting,26
param,26
launched,26
boost,26
blas,26
lisp,26
parallelizing,26
piped,26
negation,26
opposite,26
ctrl,26
stage,26
utilization,26
leave,26
often,26
requirement,26
somebody,26
formats,26
fetching,26
dangling,26
gcov,26
netfilter,26
atoi,26
execl,26
loopback,26
successive,26
targets,26
components,26
qemu,26
vertical,26
snmp,26
manner,26
dbus,26
forbids,26
popup,26
indirect,26
pick,27
counters,27
endianess,27
associativity,27
enabling,27
triggered,27
subroutine,27
rtos,27
chip,27
coder,27
descending,27
joining,27
loses,27
subtract,27
varargs,27
solutions,27
expecting,27
limiting,27
keil,27
marshal,27
requirements,27
cs50,27
finite,27
hack,27
respond,27
initialised,27
interprocess,27
measurement,27
newly,27
derived,27
analyzing,27
architectures,27
techniques,27
chapter,27
complains,27
separately,27
primes,27
qualifiers,27
recvfrom,27
referring,27
reserved,27
endless,27
pcre,27
convolution,27
regions,27
duplicated,27
implicitly,27
contiki,27
closest,27
knows,28
bare,28
dice,28
produced,28
https,28
offsets,28
diagonal,28
freeze,28
calendar,28
wildcard,28
follow,28
visibility,28
analyze,28
consistent,28
optimisation,28
leaking,28
suddenly,28
guard,28
dlopen,28
borland,28
vulnerability,28
printer,28
interrupted,28
repetition,28
highlighting,28
netlink,28
lion,28
period,28
hostname,28
backspace,28
buffered,28
reusing,28
consumption,28
services,28
synchronizing,28
cube,28
backslash,28
fastcgi,28
logs,28
statistics,28
bugs,28
standalone,28
commandline,28
subsequent,28
ambiguous,28
feed,28
ring,28
amounts,28
peer,28
substitute,28
packages,28
multiline,28
overlap,28
functioning,28
protection,29
assume,29
grab,29
effectively,29
million,29
vs2013,29
vs2012,29
unsafe,29
reply,29
loadable,29
syslog,29
week,29
clause,29
branching,29
framebuffer,29
locally,29
payload,29
suspend,29
light,29
incremented,29
benefits,29
shuffle,29
shader,29
timezone,29
recording,29
resetting,29
hdf5,29
older,29
iterator,29
grayscale,29
underlying,29
anyway,29
explorer,29
marks,29
center,29
maintaining,29
clipboard,29
infinitely,29
overcome,29
glade,30
plotting,30
impact,30
separator,30
partition,30
relationship,30
existence,30
nonblocking,30
16bit,30
verifying,30
conditionals,30
producer,30
placed,30
analyzer,30
almost,30
smart,30
rust,30
remaining,30
foreground,30
prog,30
libpq,30
tutorials,30
reliable,30
contained,30
ocaml,30
scroll,30
component,30
integrating,30
libjpeg,30
buttons,30
latest,30
infix,30
compress,30
vigenere,30
vxworks,30
alter,30
shape,30
seek,30
decomposition,30
units,30
busy,30
till,30
inheritance,30
seemingly,30
captured,30
libxml,30
typed,30
seeing,30
labels,30
wrote,30
gsoap,30
rotating,30
extraction,30
eratosthenes,30
decimals,30
strangely,30
reversed,30
pic32,30
stat,31
async,31
near,31
scaling,31
supporting,31
easily,31
suggestion,31
ambiguity,31
persistent,31
appearing,31
mysterious,31
omit,31
raise,31
automake,31
interaction,31
title,31
remainder,31
fully,31
seperate,31
fseek,31
freertos,31
lexical,31
median,31
major,31
simplify,31
holding,31
scrolling,31
sleeping,31
allocator,31
codechef,31
barrier,31
servers,31
focus,31
eeprom,31
potential,31
killed,31
calculated,31
webserver,31
wrapped,31
equations,31
traffic,31
pack,31
meant,31
portaudio,31
recover,31
activity,31
encountered,31
2005,31
passes,31
unless,31
nsstring,31
sudoku,31
rewriting,31
think,32
hiding,32
rs232,32
fedora,32
splint,32
repeatedly,32
interpolation,32
lifetime,32
leaving,32
lead,32
accepted,32
func,32
launching,32
semantic,32
ideas,32
receives,32
benchmark,32
antlr,32
treated,32
wise,32
placing,32
alpha,32
interact,32
routines,32
parenthesis,32
curses,32
term,32
factor,32
seen,32
openmpi,32
layer,32
face,32
redefine,32
cleanup,32
enters,32
forever,32
days,32
ptrace,32
reversal,32
refactoring,32
suggest,32
picture,33
simulink,33
hanging,33
year,33
locked,33
obtained,33
poll,33
coverage,33
namespace,33
encrypting,33
turning,33
micro,33
mono,33
matches,33
affecting,33
managed,33
hand,33
converts,33
gaussian,33
decide,33
bitmask,33
allocates,33
inode,33
unaligned,33
removed,33
temporarily,33
consumer,33
applied,33
screenshot,33
redis,33
subscripted,33
casts,33
partially,33
combined,33
allegro,33
answers,33
angle,33
postgres,33
exponential,33
datagram,33
ping,34
ampersand,34
curve,34
tried,34
alphabet,34
tricky,34
respect,34
lengths,34
truncate,34
inserted,34
ranges,34
cycles,34
guessing,34
intrinsic,34
tabs,34
transmission,34
mount,34
indexes,34
icmp,34
creator,34
growing,34
hang,34
reallocating,34
computers,34
reduction,34
email,34
success,34
refresh,34
backtracking,34
encrypted,34
nearest,34
filenames,34
struggling,34
snprintf,34
deleted,34
shifts,34
queries,34
enumerate,34
newlines,34
parallelize,34
misra,34
template,34
strip,35
packed,35
responding,35
trick,35
plot,35
scale,35
restore,35
master,35
worth,35
wifi,35
protected,35
account,35
scheduler,35
internally,35
assignments,35
serialize,35
listview,35
complicated,35
polynomial,35
transpose,35
elapsed,35
mutexes,35
seed,35
action,35
zeromq,35
epoch,35
initializers,35
fraction,35
crypto,35
hashtable,35
minix,35
realtime,35
decrement,35
verification,35
conditionally,35
constructor,35
scripting,36
attempt,36
adjacent,36
colors,36
wave,36
delimited,36
conflicts,36
widgets,36
overlapping,36
overloading,36
accuracy,36
finish,36
percentage,36
gnuplot,36
advanced,36
invoked,36
squares,36
duration,36
maintain,36
sdl2,36
history,36
execvp,36
acting,36
removal,36
deallocate,36
enforce,36
bootloader,36
checker,36
intended,36
makefiles,36
unsorted,36
people,36
designing,36
exponent,36
simply,36
integrate,36
sigabrt,36
keywords,37
nginx,37
alphabetical,37
unspecified,37
saying,37
pause,37
allowing,37
backtrace,37
injection,37
pascal,37
guide,37
attack,37
strategy,37
toolchain,37
disabling,37
suggestions,37
interesting,37
overriding,37
depend,37
login,37
lightweight,37
ipv4,37
exporting,37
goto,38
effective,38
decrypt,38
reducing,38
scanner,38
berkeley,38
cell,38
lowest,38
mplab,38
plus,38
anybody,38
inotify,38
lapack,38
gtk3,38
although,38
polling,38
differentiate,38
intersection,38
technique,38
eliminate,38
enabled,38
locale,38
base64,38
transferring,38
identifiers,38
standards,38
direction,38
pipeline,38
pseudo,38
transparent,38
benefit,38
atmel,38
resolved,38
enumeration,38
pebble,38
tiny,38
chain,38
tracking,38
emulate,38
trie,38
programm,38
movement,38
expanding,38
deprecated,38
digital,39
radix,39
abstract,39
controls,39
zombie,39
biggest,39
fuse,39
sends,39
container,39
substitution,39
selected,39
collision,39
msp430,39
preferred,39
suitable,39
wireless,39
caller,39
apps,39
howto,39
interpretation,39
tokenize,39
mobile,39
caching,39
malloced,39
restart,39
expect,39
popen,39
stores,39
modular,39
unnamed,39
carriage,39
choice,39
caesar,39
coordinate,39
successful,39
progress,40
apple,40
continuously,40
sensor,40
bindings,40
basics,40
volume,40
solver,40
promotion,40
filtering,40
tags,40
bottom,40
scripts,40
predefined,40
programmer,40
patterns,40
sieve,40
animation,40
copies,40
serialization,40
sine,40
corrupt,40
getopt,40
oriented,40
allows,40
exchange,40
curly,40
initialising,40
semantics,41
improving,41
intermediate,41
reaches,41
drivers,41
live,41
suppress,41
boot,41
stand,41
exploit,41
doubts,41
ignores,41
zeroes,41
resolving,41
graphs,41
killing,41
seeking,41
libusb,41
permutation,41
globally,41
groups,41
designated,41
counts,41
milliseconds,41
1000,42
semicolon,42
grep,42
updated,42
concurrency,42
successfully,42
subtracting,42
alphabetically,42
interpreting,42
folders,42
timers,42
archive,42
huffman,42
manager,42
cairo,42
stacks,42
final,42
lots,42
developing,42
legacy,42
webcam,42
scalar,42
homework,42
processors,42
converter,42
alternate,42
pinvoke,42
populating,42
deep,42
tasks,42
vertex,42
communicating,43
exported,43
colour,43
advantages,43
overflows,43
ones,43
strlen,43
fixing,43
height,43
cortex,43
redundant,43
intercept,43
distinct,43
freezes,43
qualifier,43
tokenizing,43
channel,43
manual,43
levels,43
edge,43
comparisons,43
asking,43
applying,43
since,43
reasons,43
iterations,43
practical,43
gpio,44
override,44
networking,44
bitfield,44
neon,44
exceptions,44
tracing,44
handlers,44
perfect,44
adds,44
situation,44
installation,44
website,44
masking,44
occur,44
assistance,44
indices,44
cores,44
opaque,44
lowercase,44
centos,44
profile,44
displays,44
integral,44
currently,44
rename,44
shown,45
commas,45
limits,45
secure,45
warn,45
alias,45
those,45
description,45
sources,45
config,45
life,45
8051,45
suffix,45
terminator,45
ordered,45
portability,45
join,45
positions,45
odbc,45
dates,46
fetch,46
mongodb,46
extend,46
circle,46
previously,46
subset,46
proc,46
recognizing,46
above,46
relation,46
hooking,46
redirected,46
magic,46
adress,46
accurate,46
phone,46
alsa,46
requested,46
elegant,46
monitoring,46
quickly,46
beyond,46
located,46
accepts,46
concat,46
boundary,46
interfacing,46
delimiters,46
stm32,46
segments,46
varying,46
strcat,47
typedefs,47
recommended,47
reader,47
finished,47
accessible,47
notification,47
except,47
protect,47
icon,47
terminates,47
properties,47
portion,47
equals,47
tips,47
pressing,47
programme,47
assert,47
conversions,47
behaves,47
supports,47
glut,47
octal,47
incoming,47
handled,47
truncated,48
simulating,48
achieve,48
listen,48
neither,48
debian,48
feature,48
populate,48
guarantee,48
evaluated,48
startup,48
reach,48
selecting,48
fftw,48
critical,49
highest,49
uninitialised,49
dlls,49
sync,49
ioctl,49
reporting,49
calculations,49
indirection,49
upload,49
batch,49
copied,49
away,49
saved,49
mistake,49
memset,49
distinguish,49
starts,50
strcmp,50
unmanaged,50
invoking,50
cocoa,50
others,50
platforms,50
develop,50
interactive,50
sense,50
permutations,50
erlang,50
validating,50
provided,50
possibly,50
scientific,50
links,50
inner,50
interview,50
depth,50
args,50
either,50
backwards,50
telnet,50
past,50
init,50
repeat,50
family,50
identifying,50
utf8,50
choosing,51
advantage,51
puzzle,51
textfile,51
skipped,51
partial,51
party,51
details,51
bool,51
inputted,51
watch,51
steps,51
executables,51
separating,51
throwing,51
refer,51
referenced,51
features,52
forks,52
freebsd,52
matter,52
dumped,52
newbie,52
minimal,52
userspace,52
simulator,52
binaries,52
simd,52
sublime,52
intrinsics,52
sections,52
histogram,52
authentication,52
substrings,53
fwrite,53
asterisk,53
inclusion,53
were,53
preprocessing,53
machines,53
importing,53
completion,53
overwritten,53
useful,53
decryption,53
safety,53
rewrite,53
trap,53
occurrence,54
vs2010,54
pool,54
repeating,54
property,54
differs,54
conventions,54
along,54
libs,54
collection,54
bitfields,54
polygon,54
subscript,54
ieee,54
continuous,54
datatypes,54
tests,54
forcing,54
prototypes,54
deletion,54
distributed,54
front,54
initialisation,54
utility,54
significance,54
catching,54
dictionary,54
managing,54
broadcast,54
treat,55
widget,55
recognized,55
reports,55
buffering,55
difficulty,55
encoded,55
dimensions,55
depends,55
comes,55
caused,55
smashing,55
triple,55
skips,55
inputting,55
iterative,55
effects,55
resulting,55
locations,55
accessed,55
multithread,55
versa,55
shortest,56
represented,56
font,56
simulation,56
packing,56
blocked,56
merging,56
stderr,56
interval,56
controller,56
stdio,56
engine,56
comment,56
taken,56
pair,56
registry,56
distribution,56
simplest,57
adjacency,57
render,57
typecast,57
encrypt,57
checks,57
syscall,57
overhead,57
onto,57
hidden,57
drop,57
integration,57
followed,57
higher,57
representing,57
addressing,57
become,57
everything,57
traversing,57
occurrences,57
readable,57
mark,58
branch,58
traverse,58
interfaces,58
libevent,58
inverse,58
evaluating,58
tail,58
uppercase,58
simultaneously,58
head,58
listening,58
locks,58
explicitly,58
visible,58
online,58
chunks,59
immediately,59
users,59
unexpectedly,59
completely,59
grid,59
else,59
shellcode,59
throw,59
mathematical,59
body,59
hashing,59
express,59
attach,59
obtaining,59
queues,59
unhandled,59
transform,59
quotes,59
unwanted,59
recv,59
internet,59
settings,59
initialise,59
computation,60
modification,60
unusual,60
locate,60
resize,60
factorial,60
supposed,60
destination,60
rotation,60
troubles,60
nasm,60
mask,61
places,61
euler,61
primitive,61
abort,61
wide,61
resizing,61
sequences,61
haskell,61
desktop,61
excel,61
breaks,61
expand,61
incorrectly,61
junk,61
numpy,61
thing,62
specifying,62
optimizations,62
cost,62
redefinition,62
might,62
argv,62
conflict,62
duplicates,62
spoj,62
defines,63
construct,63
trigger,63
becomes,63
associated,63
ending,63
dependent,63
autotools,63
apis,63
dividing,63
rate,63
active,63
rest,63
arrow,63
longest,63
handles,63
pairs,63
brackets,64
synchronize,64
callbacks,64
braces,64
restrict,64
alternatives,64
stopping,64
records,64
converted,64
trees,65
encode,65
four,65
extending,65
filled,65
differ,65
sentence,65
report,65
manipulate,65
push,65
vice,65
flush,65
terms,65
errno,65
region,65
throws,65
chat,66
compatible,66
delimiter,66
stopped,66
chunk,66
mechanism,66
compared,66
require,66
pressed,66
identical,66
ordering,66
session,66
hook,66
practices,66
extended,66
inconsistent,67
align,67
editor,67
symbolic,67
mismatch,67
ascending,67
calloc,67
security,67
behave,67
limited,67
board,67
implementations,67
streaming,67
algorithms,67
editing,67
rendering,68
clearing,68
capturing,68
among,68
xlib,68
pixels,68
oracle,68
appropriate,68
things,68
complement,68
enough,68
formula,69
black,69
tutorial,69
subtraction,69
preventing,69
playing,69
coming,69
contiguous,69
strtok,69
leads,69
advice,69
legal,69
endianness,69
instances,69
strcpy,70
controlling,70
faults,70
half,70
easiest,70
fibonacci,70
2013,70
performing,71
corresponding,71
requests,71
aligned,71
unary,71
requires,71
losing,71
epoll,71
exits,71
rectangle,71
despite,71
filesystem,71
generates,72
enums,72
directives,72
confusing,72
bound,72
interrupts,72
optimal,72
denied,72
equality,72
broken,72
upper,72
means,72
displayed,72
strict,73
convention,73
happening,73
involving,73
modern,73
compatibility,73
desired,73
creates,73
attempting,73
explicit,73
deadlock,73
step,74
entries,74
optional,74
libpcap,74
trailing,74
additional,74
executes,75
sequential,75
threaded,75
longer,75
cycle,75
launch,75
traversal,75
expects,75
clean,75
says,75
wont,75
loss,75
verify,75
started,75
modulus,75
translating,75
flexible,75
hold,75
threading,75
rotate,76
significant,76
winsock,76
attributes,76
proxy,76
bounds,76
naming,76
fprintf,76
press,77
sleep,77
supported,77
bluetooth,77
click,77
unions,77
self,77
sets,77
ports,77
apply,78
measuring,78
compound,78
reuse,78
product,78
listing,78
happen,78
programing,78
later,78
upon,78
google,78
pcap,78
camera,78
tables,78
aliasing,78
ends,79
browser,79
locking,79
overwriting,79
dialog,79
vectors,79
palindrome,79
combination,79
whose,79
domain,79
pages,79
2012,79
entering,80
compression,80
breakpoint,80
quicksort,80
export,80
sparse,80
independent,80
swift,80
parentheses,80
curl,80
jpeg,80
translation,80
document,80
indexing,80
illegal,80
echo,80
2008,80
linkage,81
dont,81
profiling,81
overwrite,81
validate,81
decoding,81
approach,81
combining,81
ignored,81
resolution,81
grammar,81
extensions,81
interpret,82
fread,82
safely,82
checksum,83
relative,83
evaluate,83
direct,83
sqlite3,83
forked,83
yacc,83
model,83
numerical,83
play,84
depending,84
streams,84
ever,84
scheduling,84
multicast,84
installed,84
again,84
postfix,84
least,84
termination,84
because,84
forking,84
occurs,85
classes,85
considered,85
initial,85
libc,85
frames,85
configure,85
concept,85
increasing,85
sprintf,85
msvc,85
logging,85
skipping,85
routine,86
here,86
avoiding,86
goes,86
third,87
present,87
bind,87
solving,87
resources,87
interpreter,87
includes,87
referencing,87
repeated,87
ethernet,87
absolute,87
continue,87
delphi,88
decode,88
attribute,88
ensure,88
concatenating,88
switching,88
emacs,88
combinations,88
projects,88
label,88
card,88
simulate,89
piping,89
fgets,89
specifiers,89
rules,89
accepting,89
behaving,89
fopen,90
enable,90
download,90
timing,90
binding,90
examples,90
general,90
versions,90
texture,90
uart,91
timestamp,91
equation,91
idea,91
translate,91
clock,91
computing,91
flash,91
devices,91
linkedlist,91
writes,91
zlib,92
appears,92
outputting,92
white,92
coordinates,92
bigger,92
segfaults,92
rather,92
selection,92
affect,92
invoke,92
needs,93
asynchronous,93
provide,93
multiplying,93
recognize,93
redirecting,93
concurrent,93
choose,93
optimized,93
knowing,93
dependency,94
validation,94
seconds,94
race,94
replacement,94
snippet,94
prefix,94
drive,95
various,95
closed,95
smallest,95
hide,95
retrieving,96
embed,96
manipulating,96
appear,96
temporary,97
manage,97
paths,97
programatically,97
positive,97
connections,97
keeping,97
qsort,97
added,97
operands,97
anonymous,97
track,97
hello,98
sized,98
functionality,98
guaranteed,98
procedure,98
terminated,98
pointed,98
according,98
embedding,98
producing,98
trace,98
filename,99
putting,99
lost,99
private,99
cipher,99
sound,99
leading,99
public,99
greater,99
mapped,100
manually,100
documentation,100
behind,100
randomly,100
layout,100
zeros,100
dimension,100
turbo,101
numeric,101
communicate,101
done,101
signature,101
breaking,101
delay,101
cursor,101
modules,101
volatile,101
smaller,101
descriptors,102
distance,102
certificate,102
setup,102
efficiency,102
tokens,102
divide,102
exiting,102
auto,102
iterating,102
package,102
lookup,103
daemon,103
whitespace,103
expansion,103
32bit,103
codeblocks,103
false,104
improve,104
permissions,104
postgresql,104
item,104
installing,104
piece,105
quick,105
plugin,105
microcontroller,105
priority,105
beginner,105
individual,105
frequency,105
flow,106
libxml2,106
endian,106
task,106
combine,106
consecutive,106
javascript,106
fork,107
well,107
lower,107
microsoft,107
plain,107
blank,108
triangle,108
clarification,108
buffers,108
wrapping,109
world,109
reduce,109
lvalue,109
assertion,109
easy,109
unresolved,109
exist,109
mixed,110
resource,110
mixing,110
area,110
modulo,110
complete,110
round,111
solaris,111
ignoring,111
skip,111
perl,111
monitor,111
connecting,112
terminating,112
produces,113
measure,113
book,113
built,113
middle,113
fifo,113
matrices,113
known,114
huge,114
sscanf,114
menu,114
graphics,114
connected,114
columns,114
mmap,114
appending,114
formatted,114
analysis,114
differently,115
iteration,115
deal,115
configuration,116
doubles,116
password,116
average,117
freed,117
children,117
doxygen,117
optimizing,117
jump,117
rows,118
record,118
fatal,118
union,118
total,118
identify,119
cython,119
loaded,120
reset,120
statically,120
separated,121
contain,121
group,121
recursively,121
flex,121
turn,122
nothing,122
raspberry,122
physical,122
width,122
kill,122
doesnt,122
apache,122
release,122
made,123
larger,123
corrupted,123
permission,123
come,123
gstreamer,123
sigsegv,123
debugger,123
dependencies,123
represent,123
conflicting,124
registers,124
compute,124
filling,124
framework,124
automatic,124
references,124
codes,125
shifting,125
rounding,125
series,125
exec,125
necessary,125
versus,125
hardware,125
ternary,125
cases,125
atomic,125
linear,126
view,126
look,126
import,126
original,126
dereference,126
bison,126
increase,126
comments,127
sharing,127
merge,127
detected,127
synchronization,127
ipv6,127
iterate,127
incrementing,127
actual,128
applications,128
sample,128
realloc,128
keeps,128
systems,128
datatype,128
opened,129
sizes,129
though,129
clients,129
llvm,129
little,129
hard,129
leaks,129
pixel,129
development,129
true,129
exact,130
catch,130
together,130
timeout,130
kind,131
forward,131
wrap,131
json,131
singly,132
obtain,132
dealing,132
flags,132
typecasting,132
enum,133
redirection,133
operand,133
allowed,133
learn,133
events,133
formatting,133
instructions,134
parts,134
instance,134
terminate,134
computer,135
unused,135
itself,135
languages,136
protocol,136
tools,136
entire,136
updating,137
prompt,137
floats,137
compiles,137
assembler,137
directive,137
modified,137
bitmap,137
counter,137
processor,137
swapping,137
multiply,138
directories,138
keys,138
memcpy,138
sometimes,138
items,138
fscanf,138
64bit,139
info,139
notation,140
literals,140
iphone,140
resolve,140
specify,140
porting,140
architecture,140
internal,140
edit,140
conditions,140
mips,141
normal,141
rule,142
entered,142
operating,142
closing,142
winapi,143
sure,143
ctypes,143
concatenation,143
also,144
precedence,144
changed,144
determining,144
slow,144
initializer,144
stops,144
power,145
splitting,145
seem,145
regex,145
square,146
offset,146
generation,146
hangs,146
definitions,146
arbitrary,146
response,146
escape,147
outputs,147
high,147
whats,148
detection,148
largest,149
calculator,149
moving,149
semaphores,149
html,150
comma,150
sizeof,150
ignore,150
unique,150
beginning,150
intel,150
glib,150
exists,151
variadic,151
bubble,152
undeclared,152
prototype,152
learning,153
your,153
sign,153
efficiently,153
reversing,154
mapping,154
lock,154
boolean,154
previous,155
swap,155
letter,155
never,155
sorted,155
encoding,156
status,157
software,157
slower,157
service,157
button,158
starting,158
switch,158
netbeans,158
addition,159
executed,159
evaluation,159
related,159
implemented,159
actually,160
anything,160
uninitialized,160
effect,161
padding,161
below,162
against,162
frame,162
creation,163
exercise,163
bash,164
compilers,164
context,164
share,164
install,164
fill,164
less,165
figure,165
included,165
expressions,165
extracting,165
base,166
stuck,166
pure,166
complex,166
side,166
letters,166
going,167
swig,167
solution,167
produce,167
coding,167
state,167
doubly,167
assigned,168
received,169
drawing,169
newline,169
minimum,170
waiting,170
reads,170
host,170
allow,171
fine,171
entry,172
scanning,172
encryption,172
remote,172
replacing,173
substring,173
column,173
short,174
seems,174
post,174
multithreading,174
complexity,174
accept,175
clear,175
answer,176
ffmpeg,176
management,176
target,177
filter,177
glibc,178
special,178
design,178
parser,178
cant,178
shows,179
perform,179
images,179
unit,179
regular,179
select,179
root,180
looping,180
disk,180
ways,180
similar,180
concatenate,180
dump,180
break,181
append,181
circular,182
ints,183
place,184
across,185
differences,185
section,185
failure,185
someone,185
printed,185
practice,185
clang,185
cmake,186
amount,186
graph,187
semaphore,187
pointing,188
matching,188
disable,188
multi,188
real,188
fortran,189
draw,189
mouse,189
sent,189
mutex,189
down,190
prime,190
confused,190
warnings,190
directly,190
speed,191
specified,192
optimize,192
sqlite,192
options,192
generator,193
purpose,193
runs,193
opencl,194
form,194
folder,195
portable,195
capture,195
three,196
close,196
takes,196
several,196
wrapper,197
declarations,198
initialized,199
constants,199
full,200
ncurses,200
page,200
whole,200
digit,200
been,201
fields,201
looking,201
must,201
cygwin,202
2010,202
common,203
twice,203
methods,203
failing,204
scan,204
math,205
signals,205
color,205
really,205
insertion,205
transfer,205
logical,206
duplicate,206
unicode,206
inputs,206
style,206
named,206
modifying,207
corruption,207
match,207
detecting,208
typedef,209
background,209
division,210
multithreaded,210
redirect,211
solve,211
their,211
event,211
ruby,212
searching,212
processing,212
move,212
date,212
calculation,213
anyone,213
saving,215
they,215
much,215
uses,215
specifier,218
deleting,218
update,219
manipulation,220
crashing,220
violation,221
fail,221
flag,221
needed,223
contains,223
keyword,223
programmatically,224
extern,225
already,225
pattern,226
force,227
alignment,227
reason,228
platform,230
inserting,230
retrieve,231
blocks,231
displaying,231
identifier,232
tool,232
around,232
connect,233
available,233
representation,234
segment,234
query,235
instruction,235
exactly,236
fixed,236
blocking,237
generic,237
mysql,238
wait,239
database,239
existing,240
limit,240
parallel,240
keyboard,240
addresses,241
objective,242
messages,242
once,243
automatically,243
interrupt,243
timer,245
cross,245
testing,246
particular,246
storage,246
enter,248
incomplete,248
until,248
showing,249
packets,249
option,249
alternative,249
headers,251
outside,252
cache,252
hexadecimal,253
questions,253
opening,253
logic,254
dereferencing,255
taking,256
video,256
gets,256
implicit,256
tell,257
libcurl,258
commands,259
fastest,263
prints,263
explanation,263
literal,264
extra,265
level,266
environment,266
please,266
equal,267
removing,267
virtual,269
generated,269
incorrect,269
precision,270
small,272
audio,272
token,272
required,272
vector,273
request,274
nodes,275
shift,275
handler,275
exception,277
valid,277
defining,280
void,281
mingw,281
regarding,284
able,285
left,285
points,286
loading,287
field,289
callback,289
support,289
doing,290
makes,291
proper,293
pipes,293
containing,294
still,294
prevent,296
exit,297
multidimensional,300
objects,300
spaces,300
meaning,301
sequence,301
modify,301
register,301
case,302
names,303
changes,305
keep,306
core,306
conditional,307
stdout,308
members,310
pthreads,311
screen,313
game,314
whether,314
content,315
scanf,315
scope,315
matlab,315
fast,315
split,316
digits,318
failed,318
safe,318
show,318
next,319
node,319
receiving,319
very,320
packet,321
calculating,322
including,322
position,324
range,325
separate,325
hash,328
returned,328
increment,329
maximum,330
both,330
garbage,331
happens,331
lists,332
descriptor,334
queue,335
leak,336
start,336
extract,336
faster,337
stream,338
stdin,338
multiplication,338
could,341
version,342
declaring,343
signed,345
something,348
replace,348
cause,350
communication,351
missing,352
delete,355
generating,355
most,356
insert,356
pipe,357
stored,357
chars,358
statements,358
http,360
mode,362
negative,362
operators,363
want,363
take,364
contents,365
reverse,365
receive,365
native,366
counting,366
symbols,366
save,366
interface,366
machine,366
programs,368
ascii,369
main,370
avoid,370
location,370
optimization,371
stop,372
better,373
executing,373
back,375
freeing,375
loops,375
driver,377
default,378
index,379
dimensional,379
found,380
const,383
current,383
declared,385
zero,385
building,386
confusion,389
load,390
extension,391
crashes,392
such,393
openssl,394
part,394
give,394
empty,396
created,396
every,396
times,399
recursion,400
causing,400
win32,400
these,400
linker,401
just,405
written,405
script,408
unknown,408
second,409
them,411
information,414
incompatible,415
words,415
compiled,417
comparison,419
crash,429
connection,430
mean,431
operations,431
class,435
pthread,438
comparing,438
decimal,438
allocating,438
right,439
infinite,439
macros,442
posix,443
causes,448
basic,450
ubuntu,451
parse,451
debugging,452
during,452
parent,454
heap,456
xcode,457
executable,458
initializing,458
word,459
openmp,460
arithmetic,460
arduino,462
certain,463
declare,466
network,468
question,469
ansi,473
explain,476
debug,478
control,481
terminal,482
under,482
inline,484
external,487
based,488
making,488
include,489
serial,489
good,490
even,490
copying,493
valgrind,498
initialization,505
checking,505
condition,506
issues,509
called,510
sorting,510
test,511
efficient,511
passed,512
execution,515
symbol,515
having,516
count,516
setting,523
block,524
bitwise,525
operation,526
execute,526
nested,528
calculate,529
define,530
long,531
would,532
signal,532
giving,532
segfault,533
float,535
initialize,535
last,536
free,539
storing,539
sockets,544
display,544
unexpected,547
handle,547
custom,548
correctly,549
then,550
compare,554
lines,557
assigning,557
gives,557
performance,558
example,565
path,565
floating,566
console,567
table,569
embedded,571
opencv,573
assign,573
runtime,576
preprocessor,576
remove,576
weird,577
calls,578
detect,579
parameters,580
implementing,581
determine,583
window,584
definition,584
behaviour,584
many,586
printf,587
understand,591
build,591
handling,592
module,593
casting,596
warning,596
bits,600
cuda,602
allocate,605
shell,606
compilation,610
overflow,613
device,617
port,619
opengl,621
usage,621
recursive,626
unsigned,628
cast,630
equivalent,640
parsing,641
null,642
fails,643
malloc,645
member,646
message,652
constant,652
always,655
android,660
sending,661
changing,663
generate,671
know,680
defined,681
results,690
libraries,692
works,692
expression,696
following,698
unable,698
implement,699
byte,699
trouble,703
assignment,705
syntax,705
each,705
dynamically,714
link,715
local,717
makefile,722
accessing,724
unix,725
space,730
eclipse,732
image,740
processes,746
bytes,747
invalid,750
properly,751
linking,751
over,764
correct,769
instead,779
behavior,782
project,787
allocated,789
tree,789
standard,791
conversion,796
adding,796
directory,798
best,799
being,800
search,800
integers,802
result,803
understanding,803
will,803
method,815
sort,820
open,821
send,823
order,826
studio,831
copy,833
large,836
given,838
length,846
expected,849
like,850
errors,856
threads,861
problem,861
structures,862
strange,870
child,871
single,874
client,878
more,894
finding,897
random,905
object,919
struct,921
problems,930
allocation,931
matrix,940
help,943
parameter,948
declaration,956
store,956
returns,959
operator,966
cannot,967
some,968
format,973
within,973
specific,978
types,983
double,990
element,1002
converting,1010
elements,1013
global,1029
should,1036
visual,1052
java,1054
other,1077
change,1083
point,1083
running,1085
undefined,1094
used,1095
algorithm,1098
first,1100
structs,1110
before,1132
name,1135
implementation,1146
statement,1156
assembly,1159
about,1167
through,1178
static,1192
application,1203
buffer,1211
reference,1211
trying,1215
arguments,1227
shared,1229
source,1246
where,1254
returning,1254
return,1286
kernel,1289
creating,1290
thread,1299
stack,1302
compiling,1311
issue,1339
argument,1340
user,1347
socket,1357
python,1366
calling,1369
server,1377
writing,1381
pass,1397
characters,1400
have,1402
char,1416
possible,1428
system,1449
need,1463
language,1494
wrong,1496
than,1501
macro,1508
inside,1523
header,1536
dynamic,1543
while,1555
command,1575
only,1637
compiler,1642
printing,1649
access,1655
check,1658
simple,1670
compile,1686
numbers,1717
variables,1724
another,1740
text,1767
write,1800
which,1838
work,1852
difference,1878
time,1909
make,1919
create,1946
same,1979
character,1996
print,2032
arrays,2035
convert,2074
strings,2093
working,2096
address,2097
passing,2102
line,2132
process,2135
size,2259
binary,2262
windows,2264
getting,2311
integer,2393
different,2411
call,2437
functions,2473
values,2491
there,2503
files,2512
multiple,2528
find,2551
after,2584
programming,2654
linked,2717
input,2735
structure,2765
reading,2848
list,2860
read,2933
type,2955
segmentation,2968
fault,3028
without,3046
output,3056
loop,3080
library,3222
number,3350
that,3420
pointers,3442
between,3447
into,3833
linux,4122
data,4134
variable,4398
value,4410
this,5199
memory,6114
error,6472
string,7014
does,7025
code,7361
what,7531
when,7721
file,8029
pointer,8052
program,8220
function,13060
array,13333
from,14457
using,14518
with,18987
